"","Preds_1-2","Preds_1-3","AIC","BIC"
"1","Sex_fish+Fish_size+Parasite_type","Sex_fish",1100.2765493812,1210.59942741757
"2","Sex_fish+Fish_size+Parasite_type","Fish_size",1100.2269049705,1210.54978300688
"3","Sex_fish+Fish_size+Parasite_type","Parasite_type",1102.18413438477,1217.76048280383
"4","Sex_fish+Fish_size+Parasite_type","Fish_population",1076.12222851225,1191.69857693131
"5","Sex_fish+Fish_size+Fish_population","Sex_fish",1101.62424027877,1211.94711831514
"6","Sex_fish+Fish_size+Fish_population","Fish_size",1101.57997681913,1211.90285485551
"7","Sex_fish+Fish_size+Fish_population","Parasite_type",1103.5327757176,1219.10912413666
"8","Sex_fish+Fish_size+Fish_population","Fish_population",1077.4752760008,1193.05162441986
"9","Sex_fish+Parasite_type+Fish_population","Sex_fish",1105.68468393232,1221.26103235138
"10","Sex_fish+Parasite_type+Fish_population","Fish_size",1105.63778782438,1221.21413624344
"11","Sex_fish+Parasite_type+Fish_population","Parasite_type",1107.59611384081,1228.42593264255
"12","Sex_fish+Parasite_type+Fish_population","Fish_population",1081.53711828256,1202.3669370843
"13","Fish_size+Parasite_type+Fish_population","Sex_fish",1101.34497718235,1216.92132560141
"14","Fish_size+Parasite_type+Fish_population","Fish_size",1101.29844484397,1216.87479326303
"15","Fish_size+Parasite_type+Fish_population","Parasite_type",1103.25387459933,1224.08369340107
"16","Fish_size+Parasite_type+Fish_population","Fish_population",1077.19642461514,1198.02624341689
