"","Preds_1-2","Preds_1-3","AIC","BIC"
"1","Sex_fish+Fish_size+Parasite_type+Fish_population","Sex_fish+Fish_size+Parasite_type",1105.54104299639,1242.13127294619
"2","Sex_fish+Fish_size+Parasite_type+Fish_population","Sex_fish+Fish_size+Fish_population",1079.27706813621,1215.867298086
"3","Sex_fish+Fish_size+Parasite_type+Fish_population","Sex_fish+Parasite_type+Fish_population",1075.43495772595,1217.27865805843
"4","Sex_fish+Fish_size+Parasite_type+Fish_population","Fish_size+Parasite_type+Fish_population",1079.77952061527,1221.62322094776
