"","Preds_1-2","Preds_1-3","AIC","BIC"
"1","Sex_fish+Fish_size+Parasite_type+Fish_population","Sex_fish+Fish_size",1103.74969598685,1229.83298517128
"2","Sex_fish+Fish_size+Parasite_type+Fish_population","Sex_fish+Parasite_type",1104.80440767693,1236.14116724405
"3","Sex_fish+Fish_size+Parasite_type+Fish_population","Sex_fish+Fish_population",1077.30793306601,1208.64469263312
"4","Sex_fish+Fish_size+Parasite_type+Fish_population","Fish_size+Parasite_type",1104.9576965121,1236.29445607921
"5","Sex_fish+Fish_size+Parasite_type+Fish_population","Fish_size+Fish_population",1080.633847251,1211.97060681811
"6","Sex_fish+Fish_size+Parasite_type+Fish_population","Parasite_type+Fish_population",1077.99057555764,1214.58080550744
