"","Preds_1-2","Preds_1-3","AIC","BIC"
"1","Sex_fish+Fish_size","Sex_fish+Fish_size+Parasite_type+Fish_population",1073.87319513055,1199.95648431498
"2","Sex_fish+Parasite_type","Sex_fish+Fish_size+Parasite_type+Fish_population",1077.32175386837,1208.65851343549
"3","Sex_fish+Fish_population","Sex_fish+Fish_size+Parasite_type+Fish_population",1078.70027934136,1210.03703890847
"4","Fish_size+Parasite_type","Sex_fish+Fish_size+Parasite_type+Fish_population",1073.26399259782,1204.60075216493
"5","Fish_size+Fish_population","Sex_fish+Fish_size+Parasite_type+Fish_population",1074.25783428489,1205.594593852
"6","Parasite_type+Fish_population","Sex_fish+Fish_size+Parasite_type+Fish_population",1078.8152061931,1215.40543614289
