"","Preds_1-2","Preds_1-3","AIC","BIC"
"1","Sex_fish+Fish_size+Parasite_type","Sex_fish+Fish_size+Parasite_type",1102.8699461346,1228.95323531903
"2","Sex_fish+Fish_size+Parasite_type","Sex_fish+Fish_size+Fish_population",1076.60429560636,1202.68758479079
"3","Sex_fish+Fish_size+Parasite_type","Sex_fish+Parasite_type+Fish_population",1072.76186672796,1204.09862629508
"4","Sex_fish+Fish_size+Parasite_type","Fish_size+Parasite_type+Fish_population",1077.10726637146,1208.44402593857
"5","Sex_fish+Fish_size+Fish_population","Sex_fish+Fish_size+Parasite_type",1104.22016504443,1230.30345422886
"6","Sex_fish+Fish_size+Fish_population","Sex_fish+Fish_size+Fish_population",1077.95747954274,1204.04076872717
"7","Sex_fish+Fish_size+Fish_population","Sex_fish+Parasite_type+Fish_population",1074.11177335301,1205.44853292012
"8","Sex_fish+Fish_size+Fish_population","Fish_size+Parasite_type+Fish_population",1078.45732115179,1209.7940807189
"9","Sex_fish+Parasite_type+Fish_population","Sex_fish+Fish_size+Parasite_type",1108.28864327242,1239.62540283953
"10","Sex_fish+Parasite_type+Fish_population","Sex_fish+Fish_size+Fish_population",1082.01528687662,1213.35204644373
"11","Sex_fish+Parasite_type+Fish_population","Sex_fish+Parasite_type+Fish_population",1078.1738241654,1214.7640541152
"12","Sex_fish+Parasite_type+Fish_population","Fish_size+Parasite_type+Fish_population",1082.51900091512,1219.10923086492
"13","Fish_size+Parasite_type+Fish_population","Sex_fish+Fish_size+Parasite_type",1103.94096369708,1235.27772326419
"14","Fish_size+Parasite_type+Fish_population","Sex_fish+Fish_size+Fish_population",1077.67575217583,1209.01251174294
"15","Fish_size+Parasite_type+Fish_population","Sex_fish+Parasite_type+Fish_population",1073.83336215105,1210.42359210085
"16","Fish_size+Parasite_type+Fish_population","Fish_size+Parasite_type+Fish_population",1078.18010280671,1214.77033275651
