"","Preds_1-2","Preds_1-3","AIC","BIC"
"1","Sex_fish+Fish_size+Parasite_type","Sex_fish+Fish_size+Parasite_type+Fish_population",1074.74120403227,1211.33143398206
"2","Sex_fish+Fish_size+Fish_population","Sex_fish+Fish_size+Parasite_type+Fish_population",1076.09105691907,1212.68128686886
"3","Sex_fish+Parasite_type+Fish_population","Sex_fish+Fish_size+Parasite_type+Fish_population",1080.15107094806,1221.99477128055
"4","Fish_size+Parasite_type+Fish_population","Sex_fish+Fish_size+Parasite_type+Fish_population",1075.81116284432,1217.6548631768
