"","Preds_1-2","Preds_1-3","AIC","BIC"
"1","Sex_fish+Fish_size","Sex_fish+Fish_size+Parasite_type",1102.00388378383,1217.58023220289
"2","Sex_fish+Fish_size","Sex_fish+Fish_size+Fish_population",1075.73842044078,1191.31476885984
"3","Sex_fish+Fish_size","Sex_fish+Parasite_type+Fish_population",1071.89458971961,1192.72440852135
"4","Sex_fish+Fish_size","Fish_size+Parasite_type+Fish_population",1076.24250980699,1197.07232860874
"5","Sex_fish+Parasite_type","Sex_fish+Fish_size+Parasite_type",1105.44933420438,1226.27915300612
"6","Sex_fish+Parasite_type","Sex_fish+Fish_size+Fish_population",1079.18889873241,1200.01871753415
"7","Sex_fish+Parasite_type","Sex_fish+Parasite_type+Fish_population",1075.34135439025,1201.42464357468
"8","Sex_fish+Parasite_type","Fish_size+Parasite_type+Fish_population",1079.69161502001,1205.77490420444
"9","Sex_fish+Fish_population","Sex_fish+Fish_size+Parasite_type",1106.83020321334,1227.66002201508
"10","Sex_fish+Fish_population","Sex_fish+Fish_size+Fish_population",1080.56719927124,1201.39701807299
"11","Sex_fish+Fish_population","Sex_fish+Parasite_type+Fish_population",1076.72064472108,1202.80393390551
"12","Sex_fish+Fish_population","Fish_size+Parasite_type+Fish_population",1081.06923490647,1207.1525240909
"13","Fish_size+Parasite_type","Sex_fish+Fish_size+Parasite_type",1101.39209913086,1222.22191793261
"14","Fish_size+Parasite_type","Sex_fish+Fish_size+Fish_population",1075.13433026008,1195.96414906183
"15","Fish_size+Parasite_type","Sex_fish+Parasite_type+Fish_population",1071.28888825279,1197.37217743722
"16","Fish_size+Parasite_type","Fish_size+Parasite_type+Fish_population",1075.63257116299,1201.71586034742
"17","Fish_size+Fish_population","Sex_fish+Fish_size+Parasite_type",1102.38762372286,1223.21744252461
"18","Fish_size+Fish_population","Sex_fish+Fish_size+Fish_population",1076.1265212462,1196.95634004794
"19","Fish_size+Fish_population","Sex_fish+Parasite_type+Fish_population",1072.28231168521,1198.36560086964
"20","Fish_size+Fish_population","Fish_size+Parasite_type+Fish_population",1076.62662287995,1202.70991206438
"21","Parasite_type+Fish_population","Sex_fish+Fish_size+Parasite_type",1106.94521910739,1233.02850829182
"22","Parasite_type+Fish_population","Sex_fish+Fish_size+Fish_population",1080.67986742367,1206.7631566081
"23","Parasite_type+Fish_population","Sex_fish+Parasite_type+Fish_population",1076.84093257568,1208.17769214279
"24","Parasite_type+Fish_population","Fish_size+Parasite_type+Fish_population",1081.18509108551,1212.52185065262
