"","Preds_1-2","Preds_1-3","AIC","BIC"
"1","Sex_fish","Sex_fish",1101.74448047092,1196.30694735924
"2","Sex_fish","Fish_size",1101.69636364138,1196.2588305297
"3","Sex_fish","Parasite_type",1103.65294744792,1203.46888471893
"4","Sex_fish","Fish_population",1077.59290822595,1177.40884549696
"5","Fish_size","Sex_fish",1097.65453763911,1192.21700452743
"6","Fish_size","Fish_size",1097.61305430448,1192.1755211928
"7","Fish_size","Parasite_type",1099.56491407154,1199.38085134255
"8","Fish_size","Fish_population",1073.50526943066,1173.32120670167
"9","Parasite_type","Sex_fish",1101.92139232941,1201.73732960041
"10","Parasite_type","Fish_size",1101.87193387271,1201.68787114372
"11","Parasite_type","Parasite_type",1103.83024625826,1208.89965391195
"12","Parasite_type","Fish_population",1077.7672163484,1182.83662400209
"13","Fish_population","Sex_fish",1102.70133557687,1202.51727284788
"14","Fish_population","Fish_size",1102.6559673313,1202.4719046023
"15","Fish_population","Parasite_type",1104.61131610844,1209.68072376213
"16","Fish_population","Fish_population",1078.54965272315,1183.61906037684
