"","Preds_1-2","Preds_1-3","AIC","BIC"
"1","Sex_fish+Fish_size","Sex_fish+Fish_size",1100.21292001893,1205.28232767262
"2","Sex_fish+Fish_size","Sex_fish+Parasite_type",1101.2658066783,1211.58868471467
"3","Sex_fish+Fish_size","Sex_fish+Fish_population",1073.77258017039,1184.09545820677
"4","Sex_fish+Fish_size","Fish_size+Parasite_type",1101.41713202768,1211.74001006406
"5","Sex_fish+Fish_size","Fish_size+Fish_population",1077.09353063448,1187.41640867085
"6","Sex_fish+Fish_size","Parasite_type+Fish_population",1074.45155989329,1190.02790831235
"7","Sex_fish+Parasite_type","Sex_fish+Fish_size",1103.65711538356,1213.97999341994
"8","Sex_fish+Parasite_type","Sex_fish+Parasite_type",1104.7143386021,1220.29068702116
"9","Sex_fish+Parasite_type","Sex_fish+Fish_population",1077.21587003201,1192.79221845107
"10","Sex_fish+Parasite_type","Fish_size+Parasite_type",1104.86547800647,1220.44182642553
"11","Sex_fish+Parasite_type","Fish_size+Fish_population",1080.54577655207,1196.12212497113
"12","Sex_fish+Parasite_type","Parasite_type+Fish_population",1077.89821808465,1198.72803688639
"13","Sex_fish+Fish_population","Sex_fish+Fish_size",1105.03630418882,1215.35918222519
"14","Sex_fish+Fish_population","Sex_fish+Parasite_type",1106.0930382442,1221.66938666326
"15","Sex_fish+Fish_population","Sex_fish+Fish_population",1078.60257914128,1194.17892756034
"16","Sex_fish+Fish_population","Fish_size+Parasite_type",1106.24505259874,1221.8214010178
"17","Sex_fish+Fish_population","Fish_size+Fish_population",1081.92256110313,1197.49890952219
"18","Sex_fish+Fish_population","Parasite_type+Fish_population",1079.27763981804,1200.10745861979
"19","Fish_size+Parasite_type","Sex_fish+Fish_size",1099.60160961091,1209.92448764728
"20","Fish_size+Parasite_type","Sex_fish+Parasite_type",1100.65785609178,1216.23420451084
"21","Fish_size+Parasite_type","Sex_fish+Fish_population",1073.16152046773,1188.73786888679
"22","Fish_size+Parasite_type","Fish_size+Parasite_type",1100.81158399903,1216.38793241809
"23","Fish_size+Parasite_type","Fish_size+Fish_population",1076.48515083368,1192.06149925274
"24","Fish_size+Parasite_type","Parasite_type+Fish_population",1073.84637781969,1194.67619662144
"25","Fish_size+Fish_population","Sex_fish+Fish_size",1100.59421266021,1210.91709069659
"26","Fish_size+Fish_population","Sex_fish+Parasite_type",1101.65185886844,1217.2282072875
"27","Fish_size+Fish_population","Sex_fish+Fish_population",1074.15458565327,1189.73093407232
"28","Fish_size+Fish_population","Fish_size+Parasite_type",1101.80261607628,1217.37896449534
"29","Fish_size+Fish_population","Fish_size+Fish_population",1077.4780067357,1193.05435515476
"30","Fish_size+Fish_population","Parasite_type+Fish_population",1074.83821105367,1195.66802985541
"31","Parasite_type+Fish_population","Sex_fish+Fish_size",1105.15389161167,1220.73024003073
"32","Parasite_type+Fish_population","Sex_fish+Parasite_type",1106.2065183574,1227.03633715915
"33","Parasite_type+Fish_population","Sex_fish+Fish_population",1078.71219013066,1199.54200893241
"34","Parasite_type+Fish_population","Fish_size+Parasite_type",1106.36559906582,1227.19541786757
"35","Parasite_type+Fish_population","Fish_size+Fish_population",1082.03533755238,1202.86515635413
"36","Parasite_type+Fish_population","Parasite_type+Fish_population",1079.39352992178,1205.4768191062
