"","Preds_1-2","Preds_1-3","AIC","BIC"
"1","Sex_fish","Sex_fish+Fish_size",1102.54713429033,1202.36307156134
"2","Sex_fish","Sex_fish+Parasite_type",1103.60492170097,1208.67432935466
"3","Sex_fish","Sex_fish+Fish_population",1076.10840393018,1181.17781158387
"4","Sex_fish","Fish_size+Parasite_type",1103.75562193044,1208.82502958413
"5","Sex_fish","Fish_size+Fish_population",1079.42974529921,1184.4991529529
"6","Sex_fish","Parasite_type+Fish_population",1076.78919534195,1187.11207337833
"7","Fish_size","Sex_fish+Fish_size",1098.45855726356,1198.27449453456
"8","Fish_size","Sex_fish+Parasite_type",1099.52269998959,1204.59210764328
"9","Fish_size","Sex_fish+Fish_population",1072.02244598054,1177.09185363424
"10","Fish_size","Fish_size+Parasite_type",1099.66506856731,1204.734476221
"11","Fish_size","Fish_size+Fish_population",1075.3424095457,1180.41181719939
"12","Fish_size","Parasite_type+Fish_population",1072.6988073186,1183.02168535498
"13","Parasite_type","Sex_fish+Fish_size",1102.71936712595,1207.78877477964
"14","Parasite_type","Sex_fish+Parasite_type",1103.77763157994,1214.10050961632
"15","Parasite_type","Sex_fish+Fish_population",1076.27960305782,1186.60248109419
"16","Parasite_type","Fish_size+Parasite_type",1103.92864141094,1214.25151944731
"17","Parasite_type","Fish_size+Fish_population",1079.60783783571,1189.93071587209
"18","Parasite_type","Parasite_type+Fish_population",1076.96462315893,1192.54097157799
"19","Fish_population","Sex_fish+Fish_size",1103.50361846828,1208.57302612197
"20","Fish_population","Sex_fish+Parasite_type",1104.56087765258,1214.88375568896
"21","Fish_population","Sex_fish+Fish_population",1077.06201809566,1187.38489613204
"22","Fish_population","Fish_size+Parasite_type",1104.71279328468,1215.03567132105
"23","Fish_population","Fish_size+Fish_population",1080.38927719792,1190.7121552343
"24","Fish_population","Parasite_type+Fish_population",1077.74613888788,1193.32248730694
