"","Predictors for  State 1-2 transition","Predictors for  State 1-3 transition","AIC","BIC"
"1","Sex_fish","Sex_fish",1101.74448047092,1196.30694735924
"2","Sex_fish","Fish_size",1101.69636364138,1196.2588305297
"3","Sex_fish","Parasite_type",1103.65294744792,1203.46888471893
"4","Sex_fish","Fish_population",1077.59290822595,1177.40884549696
"5","Fish_size","Sex_fish",1097.65453763911,1192.21700452743
"6","Fish_size","Fish_size",1097.61305430448,1192.1755211928
"7","Fish_size","Parasite_type",1099.56491407154,1199.38085134255
"8","Fish_size","Fish_population",1073.50526943066,1173.32120670167
"9","Parasite_type","Sex_fish",1101.92139232941,1201.73732960041
"10","Parasite_type","Fish_size",1101.87193387271,1201.68787114372
"11","Parasite_type","Parasite_type",1103.83024625826,1208.89965391195
"12","Parasite_type","Fish_population",1077.7672163484,1182.83662400209
"13","Fish_population","Sex_fish",1102.70133557687,1202.51727284788
"14","Fish_population","Fish_size",1102.6559673313,1202.4719046023
"15","Fish_population","Parasite_type",1104.61131610844,1209.68072376213
"16","Fish_population","Fish_population",1078.54965272315,1183.61906037684
"17","Sex_fish","Sex_fish+Fish_size",1102.54713429033,1202.36307156134
"18","Sex_fish","Sex_fish+Parasite_type",1103.60492170097,1208.67432935466
"19","Sex_fish","Sex_fish+Fish_population",1076.10840393018,1181.17781158387
"20","Sex_fish","Fish_size+Parasite_type",1103.75562193044,1208.82502958413
"21","Sex_fish","Fish_size+Fish_population",1079.42974529921,1184.4991529529
"22","Sex_fish","Parasite_type+Fish_population",1076.78919534195,1187.11207337833
"23","Fish_size","Sex_fish+Fish_size",1098.45855726356,1198.27449453456
"24","Fish_size","Sex_fish+Parasite_type",1099.52269998959,1204.59210764328
"25","Fish_size","Sex_fish+Fish_population",1072.02244598054,1177.09185363424
"26","Fish_size","Fish_size+Parasite_type",1099.66506856731,1204.734476221
"27","Fish_size","Fish_size+Fish_population",1075.3424095457,1180.41181719939
"28","Fish_size","Parasite_type+Fish_population",1072.6988073186,1183.02168535498
"29","Parasite_type","Sex_fish+Fish_size",1102.71936712595,1207.78877477964
"30","Parasite_type","Sex_fish+Parasite_type",1103.77763157994,1214.10050961632
"31","Parasite_type","Sex_fish+Fish_population",1076.27960305782,1186.60248109419
"32","Parasite_type","Fish_size+Parasite_type",1103.92864141094,1214.25151944731
"33","Parasite_type","Fish_size+Fish_population",1079.60783783571,1189.93071587209
"34","Parasite_type","Parasite_type+Fish_population",1076.96462315893,1192.54097157799
"35","Fish_population","Sex_fish+Fish_size",1103.50361846828,1208.57302612197
"36","Fish_population","Sex_fish+Parasite_type",1104.56087765258,1214.88375568896
"37","Fish_population","Sex_fish+Fish_population",1077.06201809566,1187.38489613204
"38","Fish_population","Fish_size+Parasite_type",1104.71279328468,1215.03567132105
"39","Fish_population","Fish_size+Fish_population",1080.38927719792,1190.7121552343
"40","Fish_population","Parasite_type+Fish_population",1077.74613888788,1193.32248730694
"41","Sex_fish","Sex_fish+Fish_size+Parasite_type",1104.34042387873,1214.6633019151
"42","Sex_fish","Sex_fish+Fish_size+Fish_population",1078.07388006285,1188.39675809923
"43","Sex_fish","Sex_fish+Parasite_type+Fish_population",1074.23335328733,1189.80970170639
"44","Sex_fish","Fish_size+Parasite_type+Fish_population",1078.57910288506,1194.15545130412
"45","Fish_size","Sex_fish+Fish_size+Parasite_type",1100.24976184496,1210.57263988133
"46","Fish_size","Sex_fish+Fish_size+Fish_population",1073.98508331981,1184.30796135618
"47","Fish_size","Sex_fish+Parasite_type+Fish_population",1070.14359290393,1185.71994132299
"48","Fish_size","Fish_size+Parasite_type+Fish_population",1074.48977174141,1190.06612016047
"49","Parasite_type","Sex_fish+Fish_size+Parasite_type",1104.5138078427,1220.09015626176
"50","Parasite_type","Sex_fish+Fish_size+Fish_population",1078.25211828794,1193.828466707
"51","Parasite_type","Sex_fish+Parasite_type+Fish_population",1074.40662333383,1195.23644213557
"52","Parasite_type","Fish_size+Parasite_type+Fish_population",1078.75318529463,1199.58300409638
"53","Fish_population","Sex_fish+Fish_size+Parasite_type",1105.29726835321,1220.87361677227
"54","Fish_population","Sex_fish+Fish_size+Fish_population",1079.03514618722,1194.61149460628
"55","Fish_population","Sex_fish+Parasite_type+Fish_population",1075.18909320564,1196.01891200739
"56","Fish_population","Fish_size+Parasite_type+Fish_population",1079.53636678929,1200.36618559103
"57","Sex_fish","Sex_fish+Fish_size+Parasite_type+Fish_population",1076.2099266403,1197.03974544204
"58","Fish_size","Sex_fish+Fish_size+Parasite_type+Fish_population",1072.12175664855,1192.95157545029
"59","Parasite_type","Sex_fish+Fish_size+Parasite_type+Fish_population",1076.38677007541,1202.47005925984
"60","Fish_population","Sex_fish+Fish_size+Parasite_type+Fish_population",1077.16965522378,1203.25294440821
"61","Sex_fish+Fish_size","Sex_fish",1099.40640219132,1199.22233946232
"62","Sex_fish+Fish_size","Fish_size",1099.36095897399,1199.176896245
"63","Sex_fish+Fish_size","Parasite_type",1101.31707927138,1206.38648692507
"64","Sex_fish+Fish_size","Fish_population",1075.25813998567,1180.32754763936
"65","Sex_fish+Parasite_type","Sex_fish",1102.85308455858,1207.92249221227
"66","Sex_fish+Parasite_type","Fish_size",1102.80667763071,1207.8760852844
"67","Sex_fish+Parasite_type","Parasite_type",1104.76770336021,1215.09058139658
"68","Sex_fish+Parasite_type","Fish_population",1078.7036009617,1189.02647899808
"69","Sex_fish+Fish_population","Sex_fish",1104.23280882723,1209.30221648092
"70","Sex_fish+Fish_population","Fish_size",1104.18666862802,1209.25607628171
"71","Sex_fish+Fish_population","Parasite_type",1106.14566289928,1216.46854093565
"72","Sex_fish+Fish_population","Fish_population",1080.08248768756,1190.40536572394
"73","Fish_size+Parasite_type","Sex_fish",1098.7996705921,1203.86907824579
"74","Fish_size+Parasite_type","Fish_size",1098.75375831775,1203.82316597144
"75","Fish_size+Parasite_type","Parasite_type",1100.70764889065,1211.03052692703
"76","Fish_size+Parasite_type","Fish_population",1074.6463998145,1184.96927785087
"77","Fish_size+Fish_population","Sex_fish",1099.79202784864,1204.86143550233
"78","Fish_size+Fish_population","Fish_size",1099.74641906908,1204.81582672277
"79","Fish_size+Fish_population","Parasite_type",1101.70325836199,1212.02613639836
"80","Fish_size+Fish_population","Fish_population",1075.64383968078,1185.96671771715
"81","Parasite_type+Fish_population","Sex_fish",1104.34869426174,1214.67157229812
"82","Parasite_type+Fish_population","Fish_size",1104.30222804414,1214.62510608051
"83","Parasite_type+Fish_population","Parasite_type",1106.25988914344,1221.8362375625
"84","Parasite_type+Fish_population","Fish_population",1080.19760595256,1195.77395437162
"85","Sex_fish+Fish_size","Sex_fish+Fish_size",1100.21292001893,1205.28232767262
"86","Sex_fish+Fish_size","Sex_fish+Parasite_type",1101.2658066783,1211.58868471467
"87","Sex_fish+Fish_size","Sex_fish+Fish_population",1073.77258017039,1184.09545820677
"88","Sex_fish+Fish_size","Fish_size+Parasite_type",1101.41713202768,1211.74001006406
"89","Sex_fish+Fish_size","Fish_size+Fish_population",1077.09353063448,1187.41640867085
"90","Sex_fish+Fish_size","Parasite_type+Fish_population",1074.45155989329,1190.02790831235
"91","Sex_fish+Parasite_type","Sex_fish+Fish_size",1103.65711538356,1213.97999341994
"92","Sex_fish+Parasite_type","Sex_fish+Parasite_type",1104.7143386021,1220.29068702116
"93","Sex_fish+Parasite_type","Sex_fish+Fish_population",1077.21587003201,1192.79221845107
"94","Sex_fish+Parasite_type","Fish_size+Parasite_type",1104.86547800647,1220.44182642553
"95","Sex_fish+Parasite_type","Fish_size+Fish_population",1080.54577655207,1196.12212497113
"96","Sex_fish+Parasite_type","Parasite_type+Fish_population",1077.89821808465,1198.72803688639
"97","Sex_fish+Fish_population","Sex_fish+Fish_size",1105.03630418882,1215.35918222519
"98","Sex_fish+Fish_population","Sex_fish+Parasite_type",1106.0930382442,1221.66938666326
"99","Sex_fish+Fish_population","Sex_fish+Fish_population",1078.60257914128,1194.17892756034
"100","Sex_fish+Fish_population","Fish_size+Parasite_type",1106.24505259874,1221.8214010178
"101","Sex_fish+Fish_population","Fish_size+Fish_population",1081.92256110313,1197.49890952219
"102","Sex_fish+Fish_population","Parasite_type+Fish_population",1079.27763981804,1200.10745861979
"103","Fish_size+Parasite_type","Sex_fish+Fish_size",1099.60160961091,1209.92448764728
"104","Fish_size+Parasite_type","Sex_fish+Parasite_type",1100.65785609178,1216.23420451084
"105","Fish_size+Parasite_type","Sex_fish+Fish_population",1073.16152046773,1188.73786888679
"106","Fish_size+Parasite_type","Fish_size+Parasite_type",1100.81158399903,1216.38793241809
"107","Fish_size+Parasite_type","Fish_size+Fish_population",1076.48515083368,1192.06149925274
"108","Fish_size+Parasite_type","Parasite_type+Fish_population",1073.84637781969,1194.67619662144
"109","Fish_size+Fish_population","Sex_fish+Fish_size",1100.59421266021,1210.91709069659
"110","Fish_size+Fish_population","Sex_fish+Parasite_type",1101.65185886844,1217.2282072875
"111","Fish_size+Fish_population","Sex_fish+Fish_population",1074.15458565327,1189.73093407232
"112","Fish_size+Fish_population","Fish_size+Parasite_type",1101.80261607628,1217.37896449534
"113","Fish_size+Fish_population","Fish_size+Fish_population",1077.4780067357,1193.05435515476
"114","Fish_size+Fish_population","Parasite_type+Fish_population",1074.83821105367,1195.66802985541
"115","Parasite_type+Fish_population","Sex_fish+Fish_size",1105.15389161167,1220.73024003073
"116","Parasite_type+Fish_population","Sex_fish+Parasite_type",1106.2065183574,1227.03633715915
"117","Parasite_type+Fish_population","Sex_fish+Fish_population",1078.71219013066,1199.54200893241
"118","Parasite_type+Fish_population","Fish_size+Parasite_type",1106.36559906582,1227.19541786757
"119","Parasite_type+Fish_population","Fish_size+Fish_population",1082.03533755238,1202.86515635413
"120","Parasite_type+Fish_population","Parasite_type+Fish_population",1079.39352992178,1205.4768191062
"121","Sex_fish+Fish_size","Sex_fish+Fish_size+Parasite_type",1102.00388378383,1217.58023220289
"122","Sex_fish+Fish_size","Sex_fish+Fish_size+Fish_population",1075.73842044078,1191.31476885984
"123","Sex_fish+Fish_size","Sex_fish+Parasite_type+Fish_population",1071.89458971961,1192.72440852135
"124","Sex_fish+Fish_size","Fish_size+Parasite_type+Fish_population",1076.24250980699,1197.07232860874
"125","Sex_fish+Parasite_type","Sex_fish+Fish_size+Parasite_type",1105.44933420438,1226.27915300612
"126","Sex_fish+Parasite_type","Sex_fish+Fish_size+Fish_population",1079.18889873241,1200.01871753415
"127","Sex_fish+Parasite_type","Sex_fish+Parasite_type+Fish_population",1075.34135439025,1201.42464357468
"128","Sex_fish+Parasite_type","Fish_size+Parasite_type+Fish_population",1079.69161502001,1205.77490420444
"129","Sex_fish+Fish_population","Sex_fish+Fish_size+Parasite_type",1106.83020321334,1227.66002201508
"130","Sex_fish+Fish_population","Sex_fish+Fish_size+Fish_population",1080.56719927124,1201.39701807299
"131","Sex_fish+Fish_population","Sex_fish+Parasite_type+Fish_population",1076.72064472108,1202.80393390551
"132","Sex_fish+Fish_population","Fish_size+Parasite_type+Fish_population",1081.06923490647,1207.1525240909
"133","Fish_size+Parasite_type","Sex_fish+Fish_size+Parasite_type",1101.39209913086,1222.22191793261
"134","Fish_size+Parasite_type","Sex_fish+Fish_size+Fish_population",1075.13433026008,1195.96414906183
"135","Fish_size+Parasite_type","Sex_fish+Parasite_type+Fish_population",1071.28888825279,1197.37217743722
"136","Fish_size+Parasite_type","Fish_size+Parasite_type+Fish_population",1075.63257116299,1201.71586034742
"137","Fish_size+Fish_population","Sex_fish+Fish_size+Parasite_type",1102.38762372286,1223.21744252461
"138","Fish_size+Fish_population","Sex_fish+Fish_size+Fish_population",1076.1265212462,1196.95634004794
"139","Fish_size+Fish_population","Sex_fish+Parasite_type+Fish_population",1072.28231168521,1198.36560086964
"140","Fish_size+Fish_population","Fish_size+Parasite_type+Fish_population",1076.62662287995,1202.70991206438
"141","Parasite_type+Fish_population","Sex_fish+Fish_size+Parasite_type",1106.94521910739,1233.02850829182
"142","Parasite_type+Fish_population","Sex_fish+Fish_size+Fish_population",1080.67986742367,1206.7631566081
"143","Parasite_type+Fish_population","Sex_fish+Parasite_type+Fish_population",1076.84093257568,1208.17769214279
"144","Parasite_type+Fish_population","Fish_size+Parasite_type+Fish_population",1081.18509108551,1212.52185065262
"145","Sex_fish+Fish_size","Sex_fish+Fish_size+Parasite_type+Fish_population",1073.87319513055,1199.95648431498
"146","Sex_fish+Parasite_type","Sex_fish+Fish_size+Parasite_type+Fish_population",1077.32175386837,1208.65851343549
"147","Sex_fish+Fish_population","Sex_fish+Fish_size+Parasite_type+Fish_population",1078.70027934136,1210.03703890847
"148","Fish_size+Parasite_type","Sex_fish+Fish_size+Parasite_type+Fish_population",1073.26399259782,1204.60075216493
"149","Fish_size+Fish_population","Sex_fish+Fish_size+Parasite_type+Fish_population",1074.25783428489,1205.594593852
"150","Parasite_type+Fish_population","Sex_fish+Fish_size+Parasite_type+Fish_population",1078.8152061931,1215.40543614289
"151","Sex_fish+Fish_size+Parasite_type","Sex_fish",1100.2765493812,1210.59942741757
"152","Sex_fish+Fish_size+Parasite_type","Fish_size",1100.2269049705,1210.54978300688
"153","Sex_fish+Fish_size+Parasite_type","Parasite_type",1102.18413438477,1217.76048280383
"154","Sex_fish+Fish_size+Parasite_type","Fish_population",1076.12222851225,1191.69857693131
"155","Sex_fish+Fish_size+Fish_population","Sex_fish",1101.62424027877,1211.94711831514
"156","Sex_fish+Fish_size+Fish_population","Fish_size",1101.57997681913,1211.90285485551
"157","Sex_fish+Fish_size+Fish_population","Parasite_type",1103.5327757176,1219.10912413666
"158","Sex_fish+Fish_size+Fish_population","Fish_population",1077.4752760008,1193.05162441986
"159","Sex_fish+Parasite_type+Fish_population","Sex_fish",1105.68468393232,1221.26103235138
"160","Sex_fish+Parasite_type+Fish_population","Fish_size",1105.63778782438,1221.21413624344
"161","Sex_fish+Parasite_type+Fish_population","Parasite_type",1107.59611384081,1228.42593264255
"162","Sex_fish+Parasite_type+Fish_population","Fish_population",1081.53711828256,1202.3669370843
"163","Fish_size+Parasite_type+Fish_population","Sex_fish",1101.34497718235,1216.92132560141
"164","Fish_size+Parasite_type+Fish_population","Fish_size",1101.29844484397,1216.87479326303
"165","Fish_size+Parasite_type+Fish_population","Parasite_type",1103.25387459933,1224.08369340107
"166","Fish_size+Parasite_type+Fish_population","Fish_population",1077.19642461514,1198.02624341689
"167","Sex_fish+Fish_size+Parasite_type","Sex_fish+Fish_size",1101.07789908112,1216.65424750018
"168","Sex_fish+Fish_size+Parasite_type","Sex_fish+Parasite_type",1102.13184320488,1222.96166200663
"169","Sex_fish+Fish_size+Parasite_type","Sex_fish+Fish_population",1074.63389586504,1195.46371466678
"170","Sex_fish+Fish_size+Parasite_type","Fish_size+Parasite_type",1102.28431634202,1223.11413514376
"171","Sex_fish+Fish_size+Parasite_type","Fish_size+Fish_population",1077.96011732071,1198.78993612245
"172","Sex_fish+Fish_size+Parasite_type","Parasite_type+Fish_population",1075.32004016802,1201.40332935245
"173","Sex_fish+Fish_size+Fish_population","Sex_fish+Fish_size",1102.42913938049,1218.00548779955
"174","Sex_fish+Fish_size+Fish_population","Sex_fish+Parasite_type",1103.48078470844,1224.31060351019
"175","Sex_fish+Fish_size+Fish_population","Sex_fish+Fish_population",1075.98594502041,1196.81576382215
"176","Sex_fish+Fish_size+Fish_population","Fish_size+Parasite_type",1103.63620901681,1224.46602781855
"177","Sex_fish+Fish_size+Fish_population","Fish_size+Fish_population",1079.31082158717,1200.14064038891
"178","Sex_fish+Fish_size+Fish_population","Parasite_type+Fish_population",1076.66809338395,1202.75138256838
"179","Sex_fish+Parasite_type+Fish_population","Sex_fish+Fish_size",1106.48931703945,1227.31913584119
"180","Sex_fish+Parasite_type+Fish_population","Sex_fish+Parasite_type",1107.54722626885,1233.63051545328
"181","Sex_fish+Parasite_type+Fish_population","Sex_fish+Fish_population",1080.04652775224,1206.12981693666
"182","Sex_fish+Parasite_type+Fish_population","Fish_size+Parasite_type",1107.6966466592,1233.77993584363
"183","Sex_fish+Parasite_type+Fish_population","Fish_size+Fish_population",1083.3726573778,1209.45594656223
"184","Sex_fish+Parasite_type+Fish_population","Parasite_type+Fish_population",1080.73288046845,1212.06964003556
"185","Fish_size+Parasite_type+Fish_population","Sex_fish+Fish_size",1102.14805291984,1222.97787172158
"186","Fish_size+Parasite_type+Fish_population","Sex_fish+Parasite_type",1103.20289494993,1229.28618413436
"187","Fish_size+Parasite_type+Fish_population","Sex_fish+Fish_population",1075.70793055112,1201.79121973555
"188","Fish_size+Parasite_type+Fish_population","Fish_size+Parasite_type",1103.35531294364,1229.43860212806
"189","Fish_size+Parasite_type+Fish_population","Fish_size+Fish_population",1079.0306585315,1205.11394771592
"190","Fish_size+Parasite_type+Fish_population","Parasite_type+Fish_population",1076.38830204641,1207.72506161352
"191","Sex_fish+Fish_size+Parasite_type","Sex_fish+Fish_size+Parasite_type",1102.8699461346,1228.95323531903
"192","Sex_fish+Fish_size+Parasite_type","Sex_fish+Fish_size+Fish_population",1076.60429560636,1202.68758479079
"193","Sex_fish+Fish_size+Parasite_type","Sex_fish+Parasite_type+Fish_population",1072.76186672796,1204.09862629508
"194","Sex_fish+Fish_size+Parasite_type","Fish_size+Parasite_type+Fish_population",1077.10726637146,1208.44402593857
"195","Sex_fish+Fish_size+Fish_population","Sex_fish+Fish_size+Parasite_type",1104.22016504443,1230.30345422886
"196","Sex_fish+Fish_size+Fish_population","Sex_fish+Fish_size+Fish_population",1077.95747954274,1204.04076872717
"197","Sex_fish+Fish_size+Fish_population","Sex_fish+Parasite_type+Fish_population",1074.11177335301,1205.44853292012
"198","Sex_fish+Fish_size+Fish_population","Fish_size+Parasite_type+Fish_population",1078.45732115179,1209.7940807189
"199","Sex_fish+Parasite_type+Fish_population","Sex_fish+Fish_size+Parasite_type",1108.28864327242,1239.62540283953
"200","Sex_fish+Parasite_type+Fish_population","Sex_fish+Fish_size+Fish_population",1082.01528687662,1213.35204644373
"201","Sex_fish+Parasite_type+Fish_population","Sex_fish+Parasite_type+Fish_population",1078.1738241654,1214.7640541152
"202","Sex_fish+Parasite_type+Fish_population","Fish_size+Parasite_type+Fish_population",1082.51900091512,1219.10923086492
"203","Fish_size+Parasite_type+Fish_population","Sex_fish+Fish_size+Parasite_type",1103.94096369708,1235.27772326419
"204","Fish_size+Parasite_type+Fish_population","Sex_fish+Fish_size+Fish_population",1077.67575217583,1209.01251174294
"205","Fish_size+Parasite_type+Fish_population","Sex_fish+Parasite_type+Fish_population",1073.83336215105,1210.42359210085
"206","Fish_size+Parasite_type+Fish_population","Fish_size+Parasite_type+Fish_population",1078.18010280671,1214.77033275651
"207","Sex_fish+Fish_size+Parasite_type","Sex_fish+Fish_size+Parasite_type+Fish_population",1074.74120403227,1211.33143398206
"208","Sex_fish+Fish_size+Fish_population","Sex_fish+Fish_size+Parasite_type+Fish_population",1076.09105691907,1212.68128686886
"209","Sex_fish+Parasite_type+Fish_population","Sex_fish+Fish_size+Parasite_type+Fish_population",1080.15107094806,1221.99477128055
"210","Fish_size+Parasite_type+Fish_population","Sex_fish+Fish_size+Parasite_type+Fish_population",1075.81116284432,1217.6548631768
"211","Sex_fish+Fish_size+Parasite_type+Fish_population","Sex_fish",1102.95020367367,1223.78002247541
"212","Sex_fish+Fish_size+Parasite_type+Fish_population","Fish_size",1102.9001272294,1223.72994603114
"213","Sex_fish+Fish_size+Parasite_type+Fish_population","Parasite_type",1104.85590299145,1230.93919217588
"214","Sex_fish+Fish_size+Parasite_type+Fish_population","Fish_population",1078.79732804127,1204.8806172257
"215","Sex_fish+Fish_size+Parasite_type+Fish_population","Sex_fish+Fish_size",1103.74969598685,1229.83298517128
"216","Sex_fish+Fish_size+Parasite_type+Fish_population","Sex_fish+Parasite_type",1104.80440767693,1236.14116724405
"217","Sex_fish+Fish_size+Parasite_type+Fish_population","Sex_fish+Fish_population",1077.30793306601,1208.64469263312
"218","Sex_fish+Fish_size+Parasite_type+Fish_population","Fish_size+Parasite_type",1104.9576965121,1236.29445607921
"219","Sex_fish+Fish_size+Parasite_type+Fish_population","Fish_size+Fish_population",1080.633847251,1211.97060681811
"220","Sex_fish+Fish_size+Parasite_type+Fish_population","Parasite_type+Fish_population",1077.99057555764,1214.58080550744
"221","Sex_fish+Fish_size+Parasite_type+Fish_population","Sex_fish+Fish_size+Parasite_type",1105.54104299639,1242.13127294619
"222","Sex_fish+Fish_size+Parasite_type+Fish_population","Sex_fish+Fish_size+Fish_population",1079.27706813621,1215.867298086
"223","Sex_fish+Fish_size+Parasite_type+Fish_population","Sex_fish+Parasite_type+Fish_population",1075.43495772595,1217.27865805843
"224","Sex_fish+Fish_size+Parasite_type+Fish_population","Fish_size+Parasite_type+Fish_population",1079.77952061527,1221.62322094776
"225","Sex_fish+Fish_size+Parasite_type+Fish_population","Sex_fish+Fish_size+Parasite_type+Fish_population",1077.41142843942,1224.50859915459
"226","Sex_fish","empty",1101.52693218744,1190.83592869307
"227","Fish_size","empty",1097.44005431589,1186.74905082153
"228","Parasite_type","empty",1101.69897750686,1196.26144439518
"229","Fish_population","empty",1102.48705507578,1197.0495219641
"230","Sex_fish+Fish_size","empty",1099.18709727409,1193.74956416241
"231","Sex_fish+Parasite_type","empty",1102.637020083,1202.45295735401
"232","Sex_fish+Fish_population","empty",1104.01356168139,1203.82949895239
"233","Fish_size+Parasite_type","empty",1098.57751266407,1198.39344993508
"234","Fish_size+Fish_population","empty",1099.57190933653,1199.38784660754
"235","Parasite_type+Fish_population","empty",1104.12747407026,1209.19688172395
"236","Sex_fish+Fish_size+Parasite_type","empty",1100.0532405069,1205.12264816059
"237","Sex_fish+Fish_size+Fish_population","empty",1101.40365253923,1206.47306019292
"238","Sex_fish+Parasite_type+Fish_population","empty",1105.46973029134,1215.79260832772
"239","Fish_size+Parasite_type+Fish_population","empty",1101.12813739093,1211.4510154273
"240","Sex_fish+Fish_size+Parasite_type+Fish_population","empty",1102.72597944762,1218.30232786668
"241","empty","Sex_fish",1100.57551031014,1189.88450681578
"242","empty","Fish_size",1100.52950330523,1189.83849981087
"243","empty","Parasite_type",1102.48832485055,1197.05079173887
"244","empty","Fish_population",1076.42633971694,1170.98880660527
"245","empty","Sex_fish+Fish_size",1101.38730379527,1195.94977068359
"246","empty","Sex_fish+Parasite_type",1102.43469306145,1202.25063033246
"247","empty","Sex_fish+Fish_population",1074.93775036117,1174.75368763218
"248","empty","Fish_size+Parasite_type",1102.58687657536,1202.40281384637
"249","empty","Fish_size+Fish_population",1078.27010287199,1178.08604014299
"250","empty","Parasite_type+Fish_population",1075.62114103539,1180.69054868908
"251","empty","Sex_fish+Fish_size+Parasite_type",1103.17186941133,1208.24127706502
"252","empty","Sex_fish+Fish_size+Fish_population",1076.90632507094,1181.97573272463
"253","empty","Sex_fish+Parasite_type+Fish_population",1073.0634418926,1183.38631992897
"254","empty","Fish_size+Parasite_type+Fish_population",1077.40839173286,1187.73126976923
"255","empty","Sex_fish+Fish_size+Parasite_type+Fish_population",1075.0409388606,1190.61728727966
"256","empty","empty",1100.35907667911,1184.41460280206
