"","Preds_1-2","Preds_1-3","AIC","BIC"
"1","Sex_fish+Fish_size","Sex_fish",1099.40640219132,1199.22233946232
"2","Sex_fish+Fish_size","Fish_size",1099.36095897399,1199.176896245
"3","Sex_fish+Fish_size","Parasite_type",1101.31707927138,1206.38648692507
"4","Sex_fish+Fish_size","Fish_population",1075.25813998567,1180.32754763936
"5","Sex_fish+Parasite_type","Sex_fish",1102.85308455858,1207.92249221227
"6","Sex_fish+Parasite_type","Fish_size",1102.80667763071,1207.8760852844
"7","Sex_fish+Parasite_type","Parasite_type",1104.76770336021,1215.09058139658
"8","Sex_fish+Parasite_type","Fish_population",1078.7036009617,1189.02647899808
"9","Sex_fish+Fish_population","Sex_fish",1104.23280882723,1209.30221648092
"10","Sex_fish+Fish_population","Fish_size",1104.18666862802,1209.25607628171
"11","Sex_fish+Fish_population","Parasite_type",1106.14566289928,1216.46854093565
"12","Sex_fish+Fish_population","Fish_population",1080.08248768756,1190.40536572394
"13","Fish_size+Parasite_type","Sex_fish",1098.7996705921,1203.86907824579
"14","Fish_size+Parasite_type","Fish_size",1098.75375831775,1203.82316597144
"15","Fish_size+Parasite_type","Parasite_type",1100.70764889065,1211.03052692703
"16","Fish_size+Parasite_type","Fish_population",1074.6463998145,1184.96927785087
"17","Fish_size+Fish_population","Sex_fish",1099.79202784864,1204.86143550233
"18","Fish_size+Fish_population","Fish_size",1099.74641906908,1204.81582672277
"19","Fish_size+Fish_population","Parasite_type",1101.70325836199,1212.02613639836
"20","Fish_size+Fish_population","Fish_population",1075.64383968078,1185.96671771715
"21","Parasite_type+Fish_population","Sex_fish",1104.34869426174,1214.67157229812
"22","Parasite_type+Fish_population","Fish_size",1104.30222804414,1214.62510608051
"23","Parasite_type+Fish_population","Parasite_type",1106.25988914344,1221.8362375625
"24","Parasite_type+Fish_population","Fish_population",1080.19760595256,1195.77395437162
