"","Preds_1-2","Preds_1-3","AIC","BIC"
"1","Sex_fish","Sex_fish+Fish_size+Parasite_type",1104.34042387873,1214.6633019151
"2","Sex_fish","Sex_fish+Fish_size+Fish_population",1078.07388006285,1188.39675809923
"3","Sex_fish","Sex_fish+Parasite_type+Fish_population",1074.23335328733,1189.80970170639
"4","Sex_fish","Fish_size+Parasite_type+Fish_population",1078.57910288506,1194.15545130412
"5","Fish_size","Sex_fish+Fish_size+Parasite_type",1100.24976184496,1210.57263988133
"6","Fish_size","Sex_fish+Fish_size+Fish_population",1073.98508331981,1184.30796135618
"7","Fish_size","Sex_fish+Parasite_type+Fish_population",1070.14359290393,1185.71994132299
"8","Fish_size","Fish_size+Parasite_type+Fish_population",1074.48977174141,1190.06612016047
"9","Parasite_type","Sex_fish+Fish_size+Parasite_type",1104.5138078427,1220.09015626176
"10","Parasite_type","Sex_fish+Fish_size+Fish_population",1078.25211828794,1193.828466707
"11","Parasite_type","Sex_fish+Parasite_type+Fish_population",1074.40662333383,1195.23644213557
"12","Parasite_type","Fish_size+Parasite_type+Fish_population",1078.75318529463,1199.58300409638
"13","Fish_population","Sex_fish+Fish_size+Parasite_type",1105.29726835321,1220.87361677227
"14","Fish_population","Sex_fish+Fish_size+Fish_population",1079.03514618722,1194.61149460628
"15","Fish_population","Sex_fish+Parasite_type+Fish_population",1075.18909320564,1196.01891200739
"16","Fish_population","Fish_size+Parasite_type+Fish_population",1079.53636678929,1200.36618559103
