"","Preds_1-2","Preds_1-3","AIC","BIC"
"1","Sex_fish+Fish_size+Parasite_type","Sex_fish+Fish_size",1101.07789908112,1216.65424750018
"2","Sex_fish+Fish_size+Parasite_type","Sex_fish+Parasite_type",1102.13184320488,1222.96166200663
"3","Sex_fish+Fish_size+Parasite_type","Sex_fish+Fish_population",1074.63389586504,1195.46371466678
"4","Sex_fish+Fish_size+Parasite_type","Fish_size+Parasite_type",1102.28431634202,1223.11413514376
"5","Sex_fish+Fish_size+Parasite_type","Fish_size+Fish_population",1077.96011732071,1198.78993612245
"6","Sex_fish+Fish_size+Parasite_type","Parasite_type+Fish_population",1075.32004016802,1201.40332935245
"7","Sex_fish+Fish_size+Fish_population","Sex_fish+Fish_size",1102.42913938049,1218.00548779955
"8","Sex_fish+Fish_size+Fish_population","Sex_fish+Parasite_type",1103.48078470844,1224.31060351019
"9","Sex_fish+Fish_size+Fish_population","Sex_fish+Fish_population",1075.98594502041,1196.81576382215
"10","Sex_fish+Fish_size+Fish_population","Fish_size+Parasite_type",1103.63620901681,1224.46602781855
"11","Sex_fish+Fish_size+Fish_population","Fish_size+Fish_population",1079.31082158717,1200.14064038891
"12","Sex_fish+Fish_size+Fish_population","Parasite_type+Fish_population",1076.66809338395,1202.75138256838
"13","Sex_fish+Parasite_type+Fish_population","Sex_fish+Fish_size",1106.48931703945,1227.31913584119
"14","Sex_fish+Parasite_type+Fish_population","Sex_fish+Parasite_type",1107.54722626885,1233.63051545328
"15","Sex_fish+Parasite_type+Fish_population","Sex_fish+Fish_population",1080.04652775224,1206.12981693666
"16","Sex_fish+Parasite_type+Fish_population","Fish_size+Parasite_type",1107.6966466592,1233.77993584363
"17","Sex_fish+Parasite_type+Fish_population","Fish_size+Fish_population",1083.3726573778,1209.45594656223
"18","Sex_fish+Parasite_type+Fish_population","Parasite_type+Fish_population",1080.73288046845,1212.06964003556
"19","Fish_size+Parasite_type+Fish_population","Sex_fish+Fish_size",1102.14805291984,1222.97787172158
"20","Fish_size+Parasite_type+Fish_population","Sex_fish+Parasite_type",1103.20289494993,1229.28618413436
"21","Fish_size+Parasite_type+Fish_population","Sex_fish+Fish_population",1075.70793055112,1201.79121973555
"22","Fish_size+Parasite_type+Fish_population","Fish_size+Parasite_type",1103.35531294364,1229.43860212806
"23","Fish_size+Parasite_type+Fish_population","Fish_size+Fish_population",1079.0306585315,1205.11394771592
"24","Fish_size+Parasite_type+Fish_population","Parasite_type+Fish_population",1076.38830204641,1207.72506161352
